{"cameraMode":{"drawMode":0,"name":"Shaded","section":"Shading Mode"},"sceneLighting":true,"audioPlay":false,"sceneViewState":{"showFog":true,"showMaterialUpdate":false,"showSkybox":true,"showFlares":true,"showImageEffects":true,"showParticleSystems":true},"in2DMode":false,"pivot":{"x":3.632781982421875,"y":-1.2580642700195313,"z":20.1824951171875},"rotation":{"x":-0.07833883166313172,"y":0.920259952545166,"z":-0.2431441694498062,"w":-0.2965092658996582},"size":95.45870971679688,"orthographic":false}