{"cameraMode":{"drawMode":0,"name":"Shaded","section":"Shading Mode"},"sceneLighting":true,"audioPlay":false,"sceneViewState":{"showFog":true,"showMaterialUpdate":false,"showSkybox":true,"showFlares":true,"showImageEffects":true,"showParticleSystems":true},"in2DMode":false,"pivot":{"x":-19.084632873535158,"y":-19.173221588134767,"z":-30.422203063964845},"rotation":{"x":-0.0581095814704895,"y":0.9409324526786804,"z":-0.2126932144165039,"w":-0.25706925988197329},"size":188.98023986816407,"orthographic":false}