{"cameraMode":{"drawMode":0,"name":"Shaded","section":"Shading Mode"},"sceneLighting":true,"audioPlay":false,"sceneViewState":{"showFog":true,"showMaterialUpdate":false,"showSkybox":true,"showFlares":true,"showImageEffects":true,"showParticleSystems":true},"in2DMode":false,"pivot":{"x":38.256160736083987,"y":1.0529747009277344,"z":28.386215209960939},"rotation":{"x":-0.09643417596817017,"y":0.8901084661483765,"z":-0.22236725687980653,"w":-0.38602107763290408},"size":102.6816635131836,"orthographic":false}